tag_name,tag_popularity_rank,tag_tier,trending_appearances,unique_videos,unique_channels,total_views,avg_views_per_entry,avg_engagement_rate,avg_like_ratio,engagement_efficiency,recommendation,_bc_ingested_at
pop,1,Mega,1629,193,112,11322726262,6950722,5.46,96.56,0.738,Must Use,2026-05-02 19:45:17
rap,2,Mega,380,49,30,6600767535,17370441,4.413,92.457,0.743,Must Use,2026-05-02 19:45:17
funny,3,Mega,4137,746,193,6451511358,1559466,4.221,94.492,0.507,Must Use,2026-05-02 19:45:17
comedy,4,Mega,3641,663,157,5734436219,1574962,3.884,93.483,0.474,Low Priority,2026-05-02 19:45:17
official,5,Mega,910,117,58,4764687449,5235920,3.748,94.506,0.55,Low Priority,2026-05-02 19:45:17
trailer,6,Mega,1368,217,79,4563335051,3335771,2.037,91.234,0.282,Saturated,2026-05-02 19:45:17
marvel,7,Mega,621,82,38,4547536187,7322925,3.541,96.541,0.55,Low Priority,2026-05-02 19:45:17
records,8,Mega,685,80,51,4329594148,6320575,5.323,97.387,0.815,Must Use,2026-05-02 19:45:17
childish gambino,9,Mega,146,17,15,4085844995,27985240,2.503,91.041,0.502,Saturated,2026-05-02 19:45:17
this is america,10,Mega,104,8,7,4037698664,38824026,2.198,89.832,0.472,Saturated,2026-05-02 19:45:17
mcdj recording/rca records,11,Mega,38,2,2,3774773591,99336147,2.917,94.205,0.796,Saturated,2026-05-02 19:45:17
music video,12,Mega,713,83,68,3773529147,5292467,5.219,93.988,0.794,Must Use,2026-05-02 19:45:17
official video,13,Mega,366,43,29,3611351078,9867079,4.878,96.616,0.826,Must Use,2026-05-02 19:45:17
live,14,Mega,1011,189,63,3377641268,3340891,3.276,91.889,0.473,Low Priority,2026-05-02 19:45:17
movie,15,Mega,908,141,67,3208678979,3533787,2.749,92.787,0.404,Saturated,2026-05-02 19:45:17
animation,16,Mega,944,110,61,3068119111,3250126,5.19,97.322,0.758,Must Use,2026-05-02 19:45:17
family friendly,17,Mega,751,77,24,3020492249,4021960,4.386,94.696,0.662,Must Use,2026-05-02 19:45:17
bts,18,Mega,414,54,32,2959651558,7148917,9.584,97.415,1.59,Must Use,2026-05-02 19:45:17
music,19,Mega,1659,263,137,2804638663,1690560,4.788,93.963,0.646,Must Use,2026-05-02 19:45:17
fidget spinners,20,Mega,252,29,4,2797046032,11099389,5.664,96.348,1.024,Must Use,2026-05-02 19:45:17
to,21,Mega,403,61,39,2752653439,6830406,5.367,95.154,0.894,Must Use,2026-05-02 19:45:17
official trailer,22,Mega,431,58,28,2734473839,6344487,1.792,94.169,0.295,Saturated,2026-05-02 19:45:17
how to,23,Mega,1687,212,105,2694523970,1597228,5.649,96.007,0.76,Must Use,2026-05-02 19:45:17
family,24,Mega,603,86,50,2643183251,4383388,3.913,91.942,0.611,Low Priority,2026-05-02 19:45:17
bottle flip,25,Mega,232,20,3,2535970689,10930908,3.094,95.371,0.568,Low Priority,2026-05-02 19:45:17
방탄소년단,26,Mega,146,19,7,2508101121,17178775,13.737,98.906,2.753,Must Use,2026-05-02 19:45:17
bangtan,27,Mega,140,16,4,2496976457,17835546,14.656,99.087,2.962,Must Use,2026-05-02 19:45:17
daddy yankee,28,Mega,66,6,6,2374683382,35980051,3.308,90.663,0.787,Low Priority,2026-05-02 19:45:17
the,29,Mega,543,91,57,2342363810,4313746,4.31,96.475,0.684,Must Use,2026-05-02 19:45:17
빅히트,30,Mega,96,11,2,2268033047,23625344,14.352,98.832,3.137,Must Use,2026-05-02 19:45:17
방탄,31,Mega,88,10,2,2253865473,25612108,14.403,98.772,3.209,Must Use,2026-05-02 19:45:17
bighit,31,Mega,88,10,2,2253865473,25612108,14.403,98.772,3.209,Must Use,2026-05-02 19:45:17
film,33,Mega,638,107,65,2247243197,3522325,2.816,92.085,0.436,Saturated,2026-05-02 19:45:17
clean,34,Mega,215,21,10,2191027109,10190824,3.645,96.297,0.678,Low Priority,2026-05-02 19:45:17
football,35,Mega,510,98,40,2140848756,4197743,2.435,92.868,0.39,Saturated,2026-05-02 19:45:17
rca records label,36,Mega,280,31,16,2060205173,7357876,4.279,95.788,0.759,Must Use,2026-05-02 19:45:17
disney,37,Mega,568,66,47,2030688198,3575155,3.717,93.137,0.586,Low Priority,2026-05-02 19:45:17
soccer,38,Mega,316,40,15,2029416521,6422204,2.708,94.761,0.47,Saturated,2026-05-02 19:45:17
avengers,39,Mega,404,49,27,2011256604,4978358,3.994,97.107,0.665,Low Priority,2026-05-02 19:45:17
you,40,Mega,203,24,21,1990600842,9805915,5.817,97.12,1.094,Must Use,2026-05-02 19:45:17
cardi b,41,Mega,294,40,36,1974494424,6715967,3.871,90.335,0.681,Low Priority,2026-05-02 19:45:17
diy,42,Mega,1091,156,97,1964108402,1800283,4.812,95.632,0.688,Must Use,2026-05-02 19:45:17
trick shots,43,Mega,192,18,3,1962201823,10219801,3.203,96.966,0.609,Low Priority,2026-05-02 19:45:17
dude perfect,44,Mega,168,15,4,1955002060,11636917,3.33,95.129,0.649,Low Priority,2026-05-02 19:45:17
2018,45,Mega,1282,200,109,1944557839,1516816,3.921,92.292,0.548,Low Priority,2026-05-02 19:45:17
ed sheeran,46,Mega,198,28,19,1935665383,9776088,3.959,95.354,0.748,Low Priority,2026-05-02 19:45:17
nerf,47,Mega,172,17,4,1917326426,11147247,3.104,96.161,0.602,Low Priority,2026-05-02 19:45:17
dude perfect world record,48,Mega,143,13,2,1902092624,13301347,3.384,97.439,0.681,Low Priority,2026-05-02 19:45:17
no,49,Mega,177,15,11,1889940918,10677632,4.003,96.448,0.773,Must Use,2026-05-02 19:45:17
trick shot,50,Mega,150,15,4,1884608207,12564055,3.591,97.543,0.716,Low Priority,2026-05-02 19:45:17
ping pong,51,Power,150,14,3,1882523105,12550154,3.45,97.504,0.688,Recommended,2026-05-02 19:45:17
dude perfect water bottle flip,52,Power,131,12,1,1870085178,14275459,3.551,97.431,0.727,Recommended,2026-05-02 19:45:17
water bottle flip,52,Power,131,12,1,1870085178,14275459,3.551,97.431,0.727,Recommended,2026-05-02 19:45:17
spinner,52,Power,131,12,1,1870085178,14275459,3.551,97.431,0.727,Recommended,2026-05-02 19:45:17
dude perfect basketball,52,Power,131,12,1,1870085178,14275459,3.551,97.431,0.727,Recommended,2026-05-02 19:45:17
dude,52,Power,131,12,1,1870085178,14275459,3.551,97.431,0.727,Recommended,2026-05-02 19:45:17
dude perfect bottle flip,52,Power,131,12,1,1870085178,14275459,3.551,97.431,0.727,Recommended,2026-05-02 19:45:17
edition,52,Power,131,12,1,1870085178,14275459,3.551,97.431,0.727,Recommended,2026-05-02 19:45:17
dp,52,Power,131,12,1,1870085178,14275459,3.551,97.431,0.727,Recommended,2026-05-02 19:45:17
dude perfect stereotypes,52,Power,131,12,1,1870085178,14275459,3.551,97.431,0.727,Recommended,2026-05-02 19:45:17
bubble wrap,52,Power,131,12,1,1870085178,14275459,3.551,97.431,0.727,Recommended,2026-05-02 19:45:17
bowling,52,Power,131,12,1,1870085178,14275459,3.551,97.431,0.727,Recommended,2026-05-02 19:45:17
spinners,52,Power,131,12,1,1870085178,14275459,3.551,97.431,0.727,Recommended,2026-05-02 19:45:17
comics,64,Power,218,26,8,1869366211,8575074,4.289,97.744,0.796,Recommended,2026-05-02 19:45:17
superhero,65,Power,174,25,10,1862677106,10705041,4.036,97.543,0.781,Recommended,2026-05-02 19:45:17
action,66,Power,460,79,26,1853820762,4030045,2.361,92.552,0.385,Low Priority,2026-05-02 19:45:17
super hero,67,Power,134,18,3,1815565820,13548999,3.798,97.818,0.774,Recommended,2026-05-02 19:45:17
comic books,68,Power,144,18,3,1815195920,12605527,3.957,97.877,0.795,Recommended,2026-05-02 19:45:17
makeup,69,Power,1236,151,70,1808044065,1462819,6.305,96.063,0.885,Recommended,2026-05-02 19:45:17
infinity war,70,Power,280,37,21,1763004788,6296446,4.132,97.274,0.733,Recommended,2026-05-02 19:45:17
video,71,Power,1048,219,66,1757725298,1677219,3.322,89.931,0.478,Recommended,2026-05-02 19:45:17
marvel comics,72,Power,105,12,6,1754562277,16710117,2.606,97.018,0.559,Low Priority,2026-05-02 19:45:17
tears,73,Power,62,5,4,1731153751,27921835,4.701,96.559,1.135,Recommended,2026-05-02 19:45:17
humor,74,Power,1210,284,32,1730551605,1430208,2.906,94.413,0.409,Low Priority,2026-05-02 19:45:17
universal,75,Power,142,14,11,1716051236,12084868,3.662,95.656,0.738,Recommended,2026-05-02 19:45:17
vlog,76,Power,956,124,71,1708078102,1786693,6.883,94.792,1.003,Recommended,2026-05-02 19:45:17
food,77,Power,1279,186,68,1687093786,1319073,4.015,94.755,0.561,Recommended,2026-05-02 19:45:17
cry,78,Power,85,9,8,1672711808,19678962,4.08,93.189,0.916,Recommended,2026-05-02 19:45:17
latin,79,Power,74,9,8,1669148787,22556065,3.751,93.166,0.869,Recommended,2026-05-02 19:45:17
new york,80,Power,359,72,33,1615262655,4499339,2.739,92.256,0.465,Low Priority,2026-05-02 19:45:17
reggaeton,81,Power,59,5,5,1581446536,26804179,3.173,94.344,0.775,Recommended,2026-05-02 19:45:17
left,82,Power,52,4,3,1579916154,30383003,5.645,97.294,1.422,Recommended,2026-05-02 19:45:17
ariana,83,Power,44,4,3,1577970905,35862975,5.571,97.482,1.463,Recommended,2026-05-02 19:45:17
grande,83,Power,44,4,3,1577970905,35862975,5.572,97.482,1.464,Recommended,2026-05-02 19:45:17
el prestamo,85,Power,32,2,1,1551515831,48484870,2.026,92.99,0.579,Low Priority,2026-05-02 19:45:17
selena,86,Power,88,9,6,1538583742,17483906,4.451,95.927,0.992,Recommended,2026-05-02 19:45:17
dance,87,Power,598,77,49,1526805957,2553187,4.685,95.076,0.733,Recommended,2026-05-02 19:45:17
review,88,Power,1238,180,75,1464111056,1182642,4.372,94.593,0.614,Recommended,2026-05-02 19:45:17
hollywood,89,Power,847,185,35,1463009018,1727283,2.511,87.365,0.372,Low Priority,2026-05-02 19:45:17
spider-man,90,Power,123,17,13,1446655373,11761426,2.929,95.977,0.608,Low Priority,2026-05-02 19:45:17
fake love,91,Power,27,2,1,1421244882,52638699,12.719,98.067,3.817,Recommended,2026-05-02 19:45:17
single,92,Power,98,13,13,1419387444,14483545,4.675,95.258,1.017,Recommended,2026-05-02 19:45:17
cute,93,Power,828,101,54,1399098649,1689733,6.275,97.26,0.934,Recommended,2026-05-02 19:45:17
selena gomez,94,Power,189,21,15,1359850650,7194977,3.416,92.577,0.651,Recommended,2026-05-02 19:45:17
new movie,95,Power,125,12,6,1352431502,10819452,1.957,94.895,0.405,Low Priority,2026-05-02 19:45:17
hip hop,96,Power,254,43,30,1347856400,5306521,4.608,92.539,0.832,Recommended,2026-05-02 19:45:17
lyrics,97,Power,243,34,17,1347521824,5545357,5.387,96.175,0.98,Recommended,2026-05-02 19:45:17
logan paul,98,Power,80,16,12,1342906260,16786328,8.427,85.869,1.918,Recommended,2026-05-02 19:45:17
peter parker,99,Power,47,6,3,1336339940,28432765,2.622,94.379,0.677,Low Priority,2026-05-02 19:45:17
black panther,100,Power,341,49,29,1334210916,3912642,3.625,95.438,0.621,Recommended,2026-05-02 19:45:17
diplo,101,Power,123,11,6,1325635178,10777522,4.056,95.675,0.841,Recommended,2026-05-02 19:45:17
buzzfeed,102,Power,753,122,25,1323662115,1757851,4.181,94.821,0.631,Recommended,2026-05-02 19:45:17
movies,103,Power,695,128,46,1319537450,1898615,2.785,91.654,0.425,Low Priority,2026-05-02 19:45:17
jyp,104,Power,62,6,2,1300105028,20969436,5.806,96.004,1.401,Recommended,2026-05-02 19:45:17
jenny slate,105,Power,44,3,2,1299823325,29541439,1.662,93.377,0.437,Low Priority,2026-05-02 19:45:17
spider-man: homecoming,106,Power,43,5,2,1297518179,30174841,2.561,94.371,0.677,Low Priority,2026-05-02 19:45:17
basketball,107,Power,659,143,33,1292766948,1961710,1.806,89.407,0.278,Low Priority,2026-05-02 19:45:17
fake_love,108,Power,14,1,1,1283188291,91656307,7.408,96.824,2.736,Recommended,2026-05-02 19:45:17
remix,109,Power,181,23,13,1271315971,7023845,5.35,97.828,1.028,Recommended,2026-05-02 19:45:17
marvel studios,110,Power,104,14,5,1265533642,12168593,3.862,96.247,0.83,Recommended,2026-05-02 19:45:17
animals,111,Power,721,94,39,1261404105,1749520,3.512,95.982,0.534,Recommended,2026-05-02 19:45:17
sanjay dutt biopic,112,Power,32,2,1,1238609854,38706558,2.189,96.331,0.626,Low Priority,2026-05-02 19:45:17
ranbir kapoor,112,Power,32,2,1,1238609854,38706558,2.189,96.331,0.626,Low Priority,2026-05-02 19:45:17
alesso,114,Power,333,41,8,1234523312,3707277,4.854,95.336,0.835,Recommended,2026-05-02 19:45:17
cardi,115,Power,44,6,6,1233579078,28035888,4.375,87.584,1.149,Recommended,2026-05-02 19:45:17
twice,116,Power,75,8,6,1232272400,16430299,6.011,95.019,1.388,Recommended,2026-05-02 19:45:17
machine,117,Power,144,12,8,1230799045,8547216,4.447,96.457,0.894,Recommended,2026-05-02 19:45:17
late night,118,Power,782,199,9,1221945594,1562590,1.991,93.109,0.299,Low Priority,2026-05-02 19:45:17
becky g,119,Power,30,3,3,1220815747,40693858,3.466,93.381,1.009,Recommended,2026-05-02 19:45:17
lelepons,120,Power,328,42,8,1219365182,3717577,4.874,95.277,0.841,Recommended,2026-05-02 19:45:17
sneak peek,121,Power,99,11,7,1218097739,12304018,2.141,95.283,0.465,Low Priority,2026-05-02 19:45:17
latin music,122,Power,44,3,3,1212489108,27556571,2.788,91.446,0.732,Low Priority,2026-05-02 19:45:17
shots,123,Power,328,42,9,1195741168,3645552,4.838,95.224,0.835,Recommended,2026-05-02 19:45:17
hannahstocking,124,Power,324,40,7,1194811279,3687689,4.849,95.237,0.838,Recommended,2026-05-02 19:45:17
rudymancuso,124,Power,324,40,7,1194811279,3687689,4.849,95.237,0.838,Recommended,2026-05-02 19:45:17
michelle williams,126,Power,74,8,4,1194464311,16141410,2.749,93.551,0.637,Low Priority,2026-05-02 19:45:17
game,127,Power,606,135,40,1192795995,1968310,3.428,93.589,0.535,Recommended,2026-05-02 19:45:17
money,128,Power,218,31,31,1188698117,5452744,3.441,94.278,0.639,Recommended,2026-05-02 19:45:17
venom,129,Power,71,8,6,1183352627,16666938,2.602,95.164,0.608,Low Priority,2026-05-02 19:45:17
natti natasha single,130,Power,20,1,1,1182971286,59148564,2.421,92.248,0.795,Low Priority,2026-05-02 19:45:17
natti natasha song,130,Power,20,1,1,1182971286,59148564,2.421,92.248,0.795,Low Priority,2026-05-02 19:45:17
natti natasha video oficial,130,Power,20,1,1,1182971286,59148564,2.421,92.248,0.795,Low Priority,2026-05-02 19:45:17
sin pijama official video,130,Power,20,1,1,1182971286,59148564,2.421,92.248,0.795,Low Priority,2026-05-02 19:45:17
natti natasha video,130,Power,20,1,1,1182971286,59148564,2.421,92.248,0.795,Low Priority,2026-05-02 19:45:17
natti natasha nuevo video,130,Power,20,1,1,1182971286,59148564,2.421,92.248,0.795,Low Priority,2026-05-02 19:45:17
natti natasha,130,Power,20,1,1,1182971286,59148564,2.421,92.248,0.795,Low Priority,2026-05-02 19:45:17
natti,130,Power,20,1,1,1182971286,59148564,2.421,92.248,0.795,Low Priority,2026-05-02 19:45:17
natti natasha official video,130,Power,20,1,1,1182971286,59148564,2.421,92.248,0.795,Low Priority,2026-05-02 19:45:17
natti natasha music,130,Power,20,1,1,1182971286,59148564,2.421,92.248,0.795,Low Priority,2026-05-02 19:45:17
sin pijama single,130,Power,20,1,1,1182971286,59148564,2.421,92.248,0.795,Low Priority,2026-05-02 19:45:17
sin pijama nueva canción,130,Power,20,1,1,1182971286,59148564,2.421,92.248,0.795,Low Priority,2026-05-02 19:45:17
sin pijama official remix video,130,Power,20,1,1,1182971286,59148564,2.421,92.248,0.795,Low Priority,2026-05-02 19:45:17
natasha,130,Power,20,1,1,1182971286,59148564,2.421,92.248,0.795,Low Priority,2026-05-02 19:45:17
en,130,Power,20,1,1,1182971286,59148564,2.421,92.248,0.795,Low Priority,2026-05-02 19:45:17
natti natasha new video,130,Power,20,1,1,1182971286,59148564,2.421,92.248,0.795,Low Priority,2026-05-02 19:45:17
natti natasha new single,130,Power,20,1,1,1182971286,59148564,2.421,92.248,0.795,Low Priority,2026-05-02 19:45:17
natti natasha nueva cancion,130,Power,20,1,1,1182971286,59148564,2.421,92.248,0.795,Low Priority,2026-05-02 19:45:17
sin pijama new song,130,Power,20,1,1,1182971286,59148564,2.421,92.248,0.795,Low Priority,2026-05-02 19:45:17
cover,149,Power,220,27,18,1182061659,5373008,6.374,98.269,1.181,Recommended,2026-05-02 19:45:17
beauty,150,Power,923,133,61,1181338600,1279890,5.556,95.749,0.814,Recommended,2026-05-02 19:45:17
anitta,151,Power,311,38,6,1177644058,3786637,4.889,95.203,0.851,Recommended,2026-05-02 19:45:17
bad bunny,152,Power,45,5,4,1176396991,26142155,3.694,91.697,0.965,Recommended,2026-05-02 19:45:17
musica en espanol,153,Power,36,2,2,1176389828,32677495,2.313,90.629,0.641,Low Priority,2026-05-02 19:45:17
en vivo,153,Power,36,2,2,1176389828,32677495,2.313,90.629,0.641,Low Priority,2026-05-02 19:45:17
gomez,155,Power,68,6,4,1164832807,17129894,5.081,97.913,1.2,Recommended,2026-05-02 19:45:17
celebrity,156,Power,1131,233,44,1163954983,1029138,2.411,88.738,0.343,Low Priority,2026-05-02 19:45:17
tom hardy,157,Power,51,5,4,1150526655,22559346,2.725,95.27,0.69,Low Priority,2026-05-02 19:45:17
netflix,158,Power,385,98,31,1135692048,2949849,3.23,94.15,0.542,Recommended,2026-05-02 19:45:17
sketch,159,Power,572,95,25,1133738807,1982061,4.193,93.868,0.66,Recommended,2026-05-02 19:45:17
anwar,160,Power,312,39,7,1130375750,3622999,4.826,95.209,0.84,Recommended,2026-05-02 19:45:17
shotsstudios,160,Power,312,39,7,1130375750,3622999,4.826,95.209,0.84,Recommended,2026-05-02 19:45:17
tutorial,162,Power,1054,134,72,1128787355,1070956,5.48,96.342,0.787,Recommended,2026-05-02 19:45:17
brazil,163,Power,312,39,8,1128424343,3616745,4.643,94.539,0.808,Recommended,2026-05-02 19:45:17
calvin harris,164,Power,67,6,3,1127026147,16821286,3.789,95.451,0.898,Recommended,2026-05-02 19:45:17
venom movie,165,Power,36,4,3,1124550910,31237525,2.346,94.166,0.65,Low Priority,2026-05-02 19:45:17
sony pictures entertainment,166,Power,35,3,2,1124461038,32127458,2.394,94.493,0.668,Low Priority,2026-05-02 19:45:17
eddie brock,167,Power,30,3,2,1123372978,37445766,2.436,93.708,0.709,Low Priority,2026-05-02 19:45:17
spider-man spinoff,168,Power,29,2,1,1123283106,38733900,2.497,94.086,0.734,Low Priority,2026-05-02 19:45:17
planet of the symbiotes,168,Power,29,2,1,1123283106,38733900,2.497,94.086,0.734,Low Priority,2026-05-02 19:45:17
we are venom,168,Power,29,2,1,1123283106,38733900,2.497,94.086,0.734,Low Priority,2026-05-02 19:45:17
venom (2018),168,Power,29,2,1,1123283106,38733900,2.497,94.086,0.734,Low Priority,2026-05-02 19:45:17
riz ahmed,168,Power,29,2,1,1123283106,38733900,2.497,94.086,0.734,Low Priority,2026-05-02 19:45:17
ruben fleischer,168,Power,29,2,1,1123283106,38733900,2.497,94.086,0.734,Low Priority,2026-05-02 19:45:17
sarkis,174,Power,305,38,6,1122589181,3680620,4.852,95.219,0.848,Recommended,2026-05-02 19:45:17
inanna,174,Power,305,38,6,1122589181,3680620,4.852,95.219,0.848,Recommended,2026-05-02 19:45:17
el,176,Power,29,3,3,1121074723,38657749,1.6,89.905,0.47,Low Priority,2026-05-02 19:45:17
comedian,177,Power,877,232,30,1112700213,1268757,2.672,93.479,0.394,Low Priority,2026-05-02 19:45:17
big,178,Power,147,18,15,1111970655,7564426,4.091,95.917,0.819,Recommended,2026-05-02 19:45:17
fortnite,179,Power,231,19,15,1100575541,4764396,3.691,89.926,0.678,Recommended,2026-05-02 19:45:17
acoustic,180,Power,154,22,17,1096957134,7123098,6.29,98.313,1.247,Recommended,2026-05-02 19:45:17
official audio,181,Power,57,5,5,1091128041,19142597,3.524,96.435,0.868,Recommended,2026-05-02 19:45:17
lele pons,182,Power,69,12,5,1089035276,15783120,4.691,90.976,1.104,Recommended,2026-05-02 19:45:17
challenge,183,Power,697,86,59,1085871645,1557922,5.672,95.531,0.866,Recommended,2026-05-02 19:45:17
ozuna,184,Power,50,5,4,1084766763,21695335,3.14,91.358,0.799,Recommended,2026-05-02 19:45:17
session,185,Power,114,17,7,1075882981,9437570,4.049,98.198,0.853,Recommended,2026-05-02 19:45:17
television,186,Power,1009,228,30,1068465100,1058935,2.362,92.609,0.341,Low Priority,2026-05-02 19:45:17
nicky jam,187,Power,50,5,3,1057499561,21149991,3.261,91.956,0.829,Recommended,2026-05-02 19:45:17
fifth harmony,188,Power,176,23,12,1049479089,5962949,5.164,96.674,0.998,Recommended,2026-05-02 19:45:17
my,189,Power,153,16,15,1048890366,6855493,5.876,95.67,1.167,Recommended,2026-05-02 19:45:17
twice music video,190,Power,38,4,1,1046797914,27547314,4.592,93.254,1.253,Recommended,2026-05-02 19:45:17
트와이스 뮤비,190,Power,38,4,1,1046797914,27547314,4.592,93.254,1.253,Recommended,2026-05-02 19:45:17
twice mv,190,Power,38,4,1,1046797914,27547314,4.592,93.254,1.253,Recommended,2026-05-02 19:45:17
twice 뮤비,190,Power,38,4,1,1046797914,27547314,4.592,93.254,1.253,Recommended,2026-05-02 19:45:17
트와이스 뮤직비디오,190,Power,38,4,1,1046797914,27547314,4.592,93.254,1.253,Recommended,2026-05-02 19:45:17
트와이스 mv,190,Power,38,4,1,1046797914,27547314,4.592,93.254,1.253,Recommended,2026-05-02 19:45:17
stephen colbert,196,Power,285,89,8,1046590678,3672248,2.118,92.328,0.374,Low Priority,2026-05-02 19:45:17
harris,197,Power,46,5,3,1043342260,22681353,2.829,91.843,0.735,Low Priority,2026-05-02 19:45:17
calvin harris summer,198,Power,43,3,1,1042564430,24245684,2.813,94.09,0.743,Low Priority,2026-05-02 19:45:17
calvin harris feels,198,Power,43,3,1,1042564430,24245684,2.813,94.09,0.743,Low Priority,2026-05-02 19:45:17
calvin harris nuh ready,198,Power,43,3,1,1042564430,24245684,2.813,94.09,0.743,Low Priority,2026-05-02 19:45:17
calvin,198,Power,43,3,1,1042564430,24245684,2.813,94.09,0.743,Low Priority,2026-05-02 19:45:17
nerd,202,Niche,79,9,2,1040849018,13175304,3.538,98.008,0.807,Low Priority,2026-05-02 19:45:17
geek,203,Niche,74,8,1,1040704885,14063580,3.57,98.083,0.827,Low Priority,2026-05-02 19:45:17
liza koshy,204,Niche,127,16,12,1040668570,8194241,5.61,92.414,1.156,Hidden Gem,2026-05-02 19:45:17
edsheeran,205,Niche,47,5,1,1032288961,21963595,4.791,98.158,1.238,Hidden Gem,2026-05-02 19:45:17
one kiss,206,Niche,33,2,1,1030450823,31225783,2.484,96.535,0.704,Low Priority,2026-05-02 19:45:17
calvin harris one kiss lyrics,206,Niche,33,2,1,1030450823,31225783,2.484,96.535,0.704,Low Priority,2026-05-02 19:45:17
calvin harris dua lipa one kiss live,206,Niche,33,2,1,1030450823,31225783,2.484,96.535,0.704,Low Priority,2026-05-02 19:45:17
calvin harris dua lipa one kiss,206,Niche,33,2,1,1030450823,31225783,2.484,96.535,0.704,Low Priority,2026-05-02 19:45:17
calvin harris one kiss,206,Niche,33,2,1,1030450823,31225783,2.484,96.535,0.704,Low Priority,2026-05-02 19:45:17
dua lipa one kiss live,206,Niche,33,2,1,1030450823,31225783,2.484,96.535,0.704,Low Priority,2026-05-02 19:45:17
calvin harris dua lipa one kiss lyrics,206,Niche,33,2,1,1030450823,31225783,2.484,96.535,0.704,Low Priority,2026-05-02 19:45:17
트와이스,213,Niche,32,3,1,1029071919,32158497,4.503,93.01,1.288,Hidden Gem,2026-05-02 19:45:17
twice m/v,213,Niche,32,3,1,1029071919,32158497,4.503,93.01,1.288,Hidden Gem,2026-05-02 19:45:17
트와이스 m/v,213,Niche,32,3,1,1029071919,32158497,4.503,93.01,1.288,Hidden Gem,2026-05-02 19:45:17
bartier cardi,216,Niche,31,3,2,1026505866,33113092,3.864,95.05,1.115,Hidden Gem,2026-05-02 19:45:17
entertainment,217,Niche,965,162,47,1020055903,1057053,2.702,89.083,0.393,Low Priority,2026-05-02 19:45:17
hd,218,Niche,255,35,15,1011132398,3965225,2.653,94.386,0.478,Low Priority,2026-05-02 19:45:17
epic,219,Niche,325,48,22,1006107588,3095716,2.913,94.073,0.503,Low Priority,2026-05-02 19:45:17
capitol,220,Niche,190,17,9,1004755854,5288189,4.879,97.083,0.929,Low Priority,2026-05-02 19:45:17
fashion,221,Niche,684,88,51,1003439604,1467017,4.584,93.059,0.702,Low Priority,2026-05-02 19:45:17
sony pictures venom,222,Niche,19,1,1,1003151226,52797433,2.697,96.569,0.9,Low Priority,2026-05-02 19:45:17
official venom movie trailer,222,Niche,19,1,1,1003151226,52797433,2.697,96.569,0.9,Low Priority,2026-05-02 19:45:17
teaser,224,Niche,238,35,21,1002241418,4211098,2.53,90.836,0.462,Low Priority,2026-05-02 19:45:17
fun,225,Niche,849,123,51,999914195,1177755,4.329,92.46,0.642,Low Priority,2026-05-02 19:45:17
hilarious,226,Niche,495,94,31,996102931,2012329,3.286,93.822,0.529,Low Priority,2026-05-02 19:45:17
celebrities,227,Niche,806,217,31,988371431,1226267,2.515,92.86,0.376,Low Priority,2026-05-02 19:45:17
twice 뮤직비디오,228,Niche,26,3,1,975651579,37525061,3.604,92.416,1.094,Hidden Gem,2026-05-02 19:45:17
lilly singh,229,Niche,135,22,6,958929766,7103183,7.787,95.145,1.585,Hidden Gem,2026-05-02 19:45:17
j balvin,230,Niche,27,3,3,958229062,35489965,5.033,96.451,1.51,Hidden Gem,2026-05-02 19:45:17
트와이스 music video,231,Niche,20,2,1,957925584,47896279,3.164,91.774,1.039,Hidden Gem,2026-05-02 19:45:17
clip,232,Niche,536,162,17,947952321,1768568,2.611,94.245,0.415,Low Priority,2026-05-02 19:45:17
snl,233,Niche,574,134,18,947005532,1649835,2.28,92.373,0.359,Low Priority,2026-05-02 19:45:17
tricks,234,Niche,271,32,23,943888390,3482983,3.641,95.486,0.65,Low Priority,2026-05-02 19:45:17
preview,235,Niche,194,25,17,939647342,4843543,2.373,93.591,0.45,Low Priority,2026-05-02 19:45:17
beyonce,236,Niche,234,32,26,938628438,4011233,3.73,91.669,0.683,Low Priority,2026-05-02 19:45:17
news,237,Niche,1253,224,85,937459892,748172,2.297,83.615,0.322,Low Priority,2026-05-02 19:45:17
latin pop,238,Niche,34,3,3,928153949,27298646,3.114,92.307,0.876,Low Priority,2026-05-02 19:45:17
kendrick lamar,239,Niche,90,17,16,927254167,10302824,3.992,84.438,0.885,Low Priority,2026-05-02 19:45:17
sports,240,Niche,756,157,47,927160098,1226402,1.769,89.293,0.267,Low Priority,2026-05-02 19:45:17
bodak yellow,241,Niche,66,9,7,926411800,14036542,3.871,92.694,0.921,Low Priority,2026-05-02 19:45:17
pixar,242,Niche,110,10,8,919169464,8356086,3.082,95.463,0.654,Low Priority,2026-05-02 19:45:17
french montana,243,Niche,67,7,7,912000841,13611953,4.63,96.612,1.097,Hidden Gem,2026-05-02 19:45:17
hop,244,Niche,66,10,7,900895763,13649936,4.536,95.564,1.079,Hidden Gem,2026-05-02 19:45:17
hip,244,Niche,66,10,7,900895763,13649936,4.536,95.564,1.079,Hidden Gem,2026-05-02 19:45:17
invasion of privacy,246,Niche,30,2,2,898987341,29966245,3.275,92.327,0.954,Low Priority,2026-05-02 19:45:17
bronx,247,Niche,17,2,2,896572760,52739574,3.32,95.319,1.149,Hidden Gem,2026-05-02 19:45:17
bardi,248,Niche,16,1,1,896558471,56034904,3.506,95.027,1.237,Hidden Gem,2026-05-02 19:45:17
i like it,248,Niche,16,1,1,896558471,56034904,3.506,95.027,1.237,Hidden Gem,2026-05-02 19:45:17
8zsrkr1nqnw,248,Niche,16,1,1,896558471,56034904,3.506,95.027,1.237,Hidden Gem,2026-05-02 19:45:17
cooking,251,Niche,864,121,44,896169587,1037233,4.358,95.463,0.644,Low Priority,2026-05-02 19:45:17
funny videos,252,Niche,494,123,16,892350280,1806377,2.747,94.563,0.443,Low Priority,2026-05-02 19:45:17
first look,253,Niche,91,11,9,887632472,9754203,2.516,93.451,0.556,Low Priority,2026-05-02 19:45:17
drake,254,Niche,120,16,14,884194157,7368285,4.091,94.9,0.853,Low Priority,2026-05-02 19:45:17
out,255,Niche,113,14,11,883255151,7816417,4.782,95.886,1.01,Hidden Gem,2026-05-02 19:45:17
official teaser,256,Niche,69,6,4,881810731,12779866,1.331,91.243,0.313,Low Priority,2026-05-02 19:45:17
taylor swift,257,Niche,167,25,20,876960200,5251259,5.038,95.879,0.983,Low Priority,2026-05-02 19:45:17
games,258,Niche,562,110,31,875373133,1557603,3.253,93.208,0.514,Low Priority,2026-05-02 19:45:17
incredibles 2,259,Niche,60,5,3,872319264,14538654,2.173,94.21,0.529,Low Priority,2026-05-02 19:45:17
diy projects,260,Niche,85,10,8,865337958,10180447,2.252,89.217,0.506,Low Priority,2026-05-02 19:45:17
casey neistat,261,Niche,100,17,13,862164437,8621644,5.922,94.088,1.283,Hidden Gem,2026-05-02 19:45:17
13 reasons why,262,Niche,44,6,3,857811229,19495710,3.703,97.8,0.973,Low Priority,2026-05-02 19:45:17
markiplier,263,Niche,70,7,3,847055947,12100799,8.401,94.676,1.971,Hidden Gem,2026-05-02 19:45:17
do it yourself,264,Niche,306,45,22,843437762,2756333,4.053,94.38,0.708,Low Priority,2026-05-02 19:45:17
new,265,Niche,576,88,56,842668054,1462965,5.562,94.473,0.875,Low Priority,2026-05-02 19:45:17
llc,266,Niche,78,5,4,841622011,10790026,3.738,96.296,0.855,Low Priority,2026-05-02 19:45:17
science,267,Niche,1221,192,72,839985857,687949,3.81,93.353,0.536,Low Priority,2026-05-02 19:45:17
zayn,268,Niche,39,2,1,838561451,21501576,4.733,97.614,1.283,Hidden Gem,2026-05-02 19:45:17
gaming,269,Niche,213,21,17,835273548,3921472,5.073,95.349,0.945,Low Priority,2026-05-02 19:45:17
what,270,Niche,190,28,11,832760032,4382948,2.201,88.188,0.419,Low Priority,2026-05-02 19:45:17
luis fonsi,271,Niche,39,5,5,830805360,21302702,6.101,91.578,1.654,Hidden Gem,2026-05-02 19:45:17
interview,272,Niche,1004,239,53,830321615,827014,2.579,90.42,0.373,Low Priority,2026-05-02 19:45:17
swoozie,273,Niche,61,7,5,829943783,13605636,4.593,90.444,1.113,Hidden Gem,2026-05-02 19:45:17
disney pixar,274,Niche,40,3,1,826815182,20670380,2.184,96.917,0.588,Low Priority,2026-05-02 19:45:17
pixar movie,274,Niche,40,3,1,826815182,20670380,2.184,96.917,0.588,Low Priority,2026-05-02 19:45:17
holasoygerman,276,Niche,23,2,2,826509348,35935189,3.952,84.56,1.244,Hidden Gem,2026-05-02 19:45:17
girls,277,Niche,175,25,18,824087678,4709072,6.425,92.139,1.243,Hidden Gem,2026-05-02 19:45:17
family movie,278,Niche,52,5,3,823857020,15843404,2.309,96.421,0.582,Low Priority,2026-05-02 19:45:17
logan,279,Niche,87,15,11,819815768,9423170,7.28,81.895,1.626,Hidden Gem,2026-05-02 19:45:17
slime,280,Niche,50,6,6,819518816,16390376,5.119,91.329,1.302,Hidden Gem,2026-05-02 19:45:17
best,281,Niche,718,109,55,819458116,1141307,5.301,94.619,0.806,Low Priority,2026-05-02 19:45:17
back to you,282,Niche,28,1,1,818792483,29242589,3.841,98.365,1.141,Hidden Gem,2026-05-02 19:45:17
13 reasons,282,Niche,28,1,1,818792483,29242589,3.841,98.365,1.141,Hidden Gem,2026-05-02 19:45:17
joey graceffa,284,Niche,67,9,7,814097208,12150705,7.436,94.127,1.762,Hidden Gem,2026-05-02 19:45:17
interscope,285,Niche,107,12,10,812621913,7594597,6.548,98.001,1.399,Hidden Gem,2026-05-02 19:45:17
dolan twins,286,Niche,38,6,5,811273406,21349300,10.602,91.725,2.894,Hidden Gem,2026-05-02 19:45:17
jokes,287,Niche,633,185,13,807128259,1275084,2.369,94.271,0.367,Low Priority,2026-05-02 19:45:17
i’m the one,288,Niche,18,4,2,806418408,44801023,3.799,81.833,1.29,Hidden Gem,2026-05-02 19:45:17
shape of you,289,Niche,49,8,7,805247497,16433622,4.095,89.871,1.047,Hidden Gem,2026-05-02 19:45:17
calvin harris slide,290,Niche,31,2,1,804956611,25966342,2.859,92.88,0.825,Low Priority,2026-05-02 19:45:17
youtube rewind 2017,291,Niche,24,4,4,803932885,33497204,4.769,85.435,1.482,Hidden Gem,2026-05-02 19:45:17
rewind 2017,291,Niche,24,4,4,803932885,33497204,4.769,85.435,1.482,Hidden Gem,2026-05-02 19:45:17
maluma best songs,293,Niche,21,1,1,803455479,38259785,2.445,93.507,0.791,Low Priority,2026-05-02 19:45:17
maluma marinero english,293,Niche,21,1,1,803455479,38259785,2.445,93.507,0.791,Low Priority,2026-05-02 19:45:17
cuatro babys,293,Niche,21,1,1,803455479,38259785,2.445,93.507,0.791,Low Priority,2026-05-02 19:45:17
marinero remix,293,Niche,21,1,1,803455479,38259785,2.445,93.507,0.791,Low Priority,2026-05-02 19:45:17
reggaeton mix,293,Niche,21,1,1,803455479,38259785,2.445,93.507,0.791,Low Priority,2026-05-02 19:45:17
felices los 4,293,Niche,21,1,1,803455479,38259785,2.445,93.507,0.791,Low Priority,2026-05-02 19:45:17
chantaje,293,Niche,21,1,1,803455479,38259785,2.445,93.507,0.791,Low Priority,2026-05-02 19:45:17
maluma exitos,293,Niche,21,1,1,803455479,38259785,2.445,93.507,0.791,Low Priority,2026-05-02 19:45:17
marinero letra,293,Niche,21,1,1,803455479,38259785,2.445,93.507,0.791,Low Priority,2026-05-02 19:45:17
j.balvin,293,Niche,21,1,1,803455479,38259785,2.445,93.507,0.791,Low Priority,2026-05-02 19:45:17
maluma marinero karaoke,293,Niche,21,1,1,803455479,38259785,2.445,93.507,0.791,Low Priority,2026-05-02 19:45:17
marinero video oficial,293,Niche,21,1,1,803455479,38259785,2.445,93.507,0.791,Low Priority,2026-05-02 19:45:17
marinero dance,293,Niche,21,1,1,803455479,38259785,2.445,93.507,0.791,Low Priority,2026-05-02 19:45:17
maluma mix,293,Niche,21,1,1,803455479,38259785,2.445,93.507,0.791,Low Priority,2026-05-02 19:45:17
maluma marinero lyrics,293,Niche,21,1,1,803455479,38259785,2.445,93.507,0.791,Low Priority,2026-05-02 19:45:17
maluma marinero,293,Niche,21,1,1,803455479,38259785,2.445,93.507,0.791,Low Priority,2026-05-02 19:45:17
corazon,293,Niche,21,1,1,803455479,38259785,2.445,93.507,0.791,Low Priority,2026-05-02 19:45:17
maluma marinero official video,293,Niche,21,1,1,803455479,38259785,2.445,93.507,0.791,Low Priority,2026-05-02 19:45:17
grace helbig,311,Niche,99,14,8,802852451,8109621,6.978,95.144,1.515,Hidden Gem,2026-05-02 19:45:17
poppy,312,Niche,45,7,4,799764103,17772536,6.04,86.713,1.578,Hidden Gem,2026-05-02 19:45:17
dan and phil,313,Niche,23,5,4,798566433,34720280,11.187,88.058,3.52,Hidden Gem,2026-05-02 19:45:17
ksi,314,Niche,22,4,4,797706940,36259406,6.705,86.488,2.138,Hidden Gem,2026-05-02 19:45:17
funny video,315,Niche,675,197,15,797644100,1181695,2.529,94.114,0.388,Low Priority,2026-05-02 19:45:17
#youtuberewind,316,Niche,12,2,2,796094060,66341172,4.547,73.353,1.773,Hidden Gem,2026-05-02 19:45:17
jake paul,317,Niche,21,6,6,794007835,37809897,5.55,82.375,1.796,Hidden Gem,2026-05-02 19:45:17
humble,318,Niche,21,3,3,793300598,37776219,4.892,81.304,1.583,Hidden Gem,2026-05-02 19:45:17
calvin harris dua lipa,319,Niche,21,1,1,792843004,37754429,2.365,96.145,0.765,Low Priority,2026-05-02 19:45:17
calvin harris one kiss live,319,Niche,21,1,1,792843004,37754429,2.365,96.145,0.765,Low Priority,2026-05-02 19:45:17
calvin harris radio 1,319,Niche,21,1,1,792843004,37754429,2.365,96.145,0.765,Low Priority,2026-05-02 19:45:17
calvin harris dua lipa one kiss graham norton,319,Niche,21,1,1,792843004,37754429,2.365,96.145,0.765,Low Priority,2026-05-02 19:45:17
weeknd,323,Niche,22,2,2,792386642,36017575,3.48,98.003,1.11,Hidden Gem,2026-05-02 19:45:17
despacito,324,Niche,30,8,8,791600748,26386692,5.321,86.844,1.55,Hidden Gem,2026-05-02 19:45:17
name,325,Niche,36,5,5,790597310,21961036,3.44,96.125,0.953,Low Priority,2026-05-02 19:45:17
niana guerrero,326,Niche,24,4,2,789477072,32894878,7.248,88.332,2.252,Hidden Gem,2026-05-02 19:45:17
island,327,Niche,251,36,22,788687243,3142180,7.056,96.705,1.276,Hidden Gem,2026-05-02 19:45:17
rewind,328,Niche,22,5,5,788055800,35820718,6.215,86.601,1.982,Hidden Gem,2026-05-02 19:45:17
battle royale,329,Niche,136,11,9,787706012,5791956,3.524,91.871,0.716,Low Priority,2026-05-02 19:45:17
backpack kid,330,Niche,17,2,2,787592314,46328960,4.132,79.788,1.43,Hidden Gem,2026-05-02 19:45:17
call,331,Niche,29,4,4,786660493,27126224,2.557,86.607,0.752,Low Priority,2026-05-02 19:45:17
delicate,332,Niche,69,5,4,784854747,11374706,5.511,96.536,1.297,Hidden Gem,2026-05-02 19:45:17
rewind 2016,333,Niche,14,2,2,783858034,55989860,4.858,79.523,1.794,Hidden Gem,2026-05-02 19:45:17
april the giraffe,334,Niche,14,2,2,781701669,55835834,4.336,76.754,1.601,Hidden Gem,2026-05-02 19:45:17
#rewind,335,Niche,8,1,1,780801040,97600130,5.195,66.622,2.364,Hidden Gem,2026-05-02 19:45:17
youtuberewind,335,Niche,8,1,1,780801040,97600130,5.195,66.622,2.364,Hidden Gem,2026-05-02 19:45:17
rhett link,335,Niche,8,1,1,780801040,97600130,5.195,66.622,2.364,Hidden Gem,2026-05-02 19:45:17
iron man,338,Niche,153,19,13,779127955,5092340,4.115,95.714,0.817,Low Priority,2026-05-02 19:45:17
jacksfilms,339,Niche,175,25,4,775508747,4431479,8.17,97.319,1.58,Hidden Gem,2026-05-02 19:45:17
camila,340,Niche,114,15,8,775444943,6802149,7.318,98.382,1.542,Hidden Gem,2026-05-02 19:45:17
what is love,341,Niche,17,2,2,774868910,45580524,3.21,92.793,1.111,Hidden Gem,2026-05-02 19:45:17
트와이스 왓츠러브,342,Niche,14,1,1,774320575,55308613,2.905,91.866,1.073,Hidden Gem,2026-05-02 19:45:17
트와이스 영화 패러디,342,Niche,14,1,1,774320575,55308613,2.905,91.866,1.073,Hidden Gem,2026-05-02 19:45:17
what is love 뮤비,342,Niche,14,1,1,774320575,55308613,2.905,91.866,1.073,Hidden Gem,2026-05-02 19:45:17
웟이즈러브,342,Niche,14,1,1,774320575,55308613,2.905,91.866,1.073,Hidden Gem,2026-05-02 19:45:17
what's love,342,Niche,14,1,1,774320575,55308613,2.905,91.866,1.073,Hidden Gem,2026-05-02 19:45:17
트와이스 what's love,342,Niche,14,1,1,774320575,55308613,2.905,91.866,1.073,Hidden Gem,2026-05-02 19:45:17
트와이스 남장,342,Niche,14,1,1,774320575,55308613,2.905,91.866,1.073,Hidden Gem,2026-05-02 19:45:17
왓이즈러브,342,Niche,14,1,1,774320575,55308613,2.905,91.866,1.073,Hidden Gem,2026-05-02 19:45:17
what is love music video,342,Niche,14,1,1,774320575,55308613,2.905,91.866,1.073,Hidden Gem,2026-05-02 19:45:17
트와이스 what is love,342,Niche,14,1,1,774320575,55308613,2.905,91.866,1.073,Hidden Gem,2026-05-02 19:45:17
왓츠러브,342,Niche,14,1,1,774320575,55308613,2.905,91.866,1.073,Hidden Gem,2026-05-02 19:45:17
twice what is love,342,Niche,14,1,1,774320575,55308613,2.905,91.866,1.073,Hidden Gem,2026-05-02 19:45:17
what is love m/v,342,Niche,14,1,1,774320575,55308613,2.905,91.866,1.073,Hidden Gem,2026-05-02 19:45:17
what is love?,342,Niche,14,1,1,774320575,55308613,2.905,91.866,1.073,Hidden Gem,2026-05-02 19:45:17
twice what's love,342,Niche,14,1,1,774320575,55308613,2.905,91.866,1.073,Hidden Gem,2026-05-02 19:45:17
twice what is love?,342,Niche,14,1,1,774320575,55308613,2.905,91.866,1.073,Hidden Gem,2026-05-02 19:45:17
twice 왓이즈러브,342,Niche,14,1,1,774320575,55308613,2.905,91.866,1.073,Hidden Gem,2026-05-02 19:45:17
트와이스 왓이즈러브,342,Niche,14,1,1,774320575,55308613,2.905,91.866,1.073,Hidden Gem,2026-05-02 19:45:17
what is love mv,342,Niche,14,1,1,774320575,55308613,2.905,91.866,1.073,Hidden Gem,2026-05-02 19:45:17
박진영,342,Niche,14,1,1,774320575,55308613,2.905,91.866,1.073,Hidden Gem,2026-05-02 19:45:17
what is love 뮤직비디오,342,Niche,14,1,1,774320575,55308613,2.905,91.866,1.073,Hidden Gem,2026-05-02 19:45:17
geeky,363,Niche,63,9,2,774173568,12288469,4.272,98.086,1.027,Hidden Gem,2026-05-02 19:45:17
nerdy,363,Niche,63,9,2,774173568,12288469,4.272,98.086,1.027,Hidden Gem,2026-05-02 19:45:17
jay,365,Niche,67,6,6,773192942,11540193,2.71,95.677,0.642,Low Priority,2026-05-02 19:45:17
love,366,Niche,518,81,54,772581754,1491471,5.277,95.11,0.844,Low Priority,2026-05-02 19:45:17
jlo,367,Niche,47,4,2,769640753,16375335,2.952,91.124,0.763,Low Priority,2026-05-02 19:45:17
avengers: infinity war,368,Niche,54,12,7,764806143,14163077,2.844,98.379,0.71,Low Priority,2026-05-02 19:45:17
r&b,369,Niche,235,28,18,762841129,3246132,4.66,96.963,0.853,Low Priority,2026-05-02 19:45:17
nbc,370,Niche,743,178,23,757934992,1020101,1.937,89.266,0.293,Low Priority,2026-05-02 19:45:17
talk show,371,Niche,762,210,14,753437535,988763,1.831,91.733,0.276,Low Priority,2026-05-02 19:45:17
audio,372,Niche,73,11,11,749202416,10263047,4.798,97.189,1.115,Hidden Gem,2026-05-02 19:45:17
maluma video oficial,373,Niche,11,1,1,748060352,68005487,1.227,92.002,0.494,Low Priority,2026-05-02 19:45:17
maluma sencillo,373,Niche,11,1,1,748060352,68005487,1.227,92.002,0.494,Low Priority,2026-05-02 19:45:17
maluma new video,373,Niche,11,1,1,748060352,68005487,1.227,92.002,0.494,Low Priority,2026-05-02 19:45:17
maluma nueva cancion,373,Niche,11,1,1,748060352,68005487,1.227,92.002,0.494,Low Priority,2026-05-02 19:45:17
maluma nuevo video,373,Niche,11,1,1,748060352,68005487,1.227,92.002,0.494,Low Priority,2026-05-02 19:45:17
el prestamo nueva canción,373,Niche,11,1,1,748060352,68005487,1.227,92.002,0.494,Low Priority,2026-05-02 19:45:17
maluma single,373,Niche,11,1,1,748060352,68005487,1.227,92.002,0.494,Low Priority,2026-05-02 19:45:17
el prestamo single,373,Niche,11,1,1,748060352,68005487,1.227,92.002,0.494,Low Priority,2026-05-02 19:45:17
maluma f.a.m.e,373,Niche,11,1,1,748060352,68005487,1.227,92.002,0.494,Low Priority,2026-05-02 19:45:17
maluma el prestamo,373,Niche,11,1,1,748060352,68005487,1.227,92.002,0.494,Low Priority,2026-05-02 19:45:17
maluma f.a.m.ef.a.m.e,373,Niche,11,1,1,748060352,68005487,1.227,92.002,0.494,Low Priority,2026-05-02 19:45:17
el prestamo bts,373,Niche,11,1,1,748060352,68005487,1.227,92.002,0.494,Low Priority,2026-05-02 19:45:17
el prestamo new song,373,Niche,11,1,1,748060352,68005487,1.227,92.002,0.494,Low Priority,2026-05-02 19:45:17
maluma new single,373,Niche,11,1,1,748060352,68005487,1.227,92.002,0.494,Low Priority,2026-05-02 19:45:17
el prestamo official remix video,373,Niche,11,1,1,748060352,68005487,1.227,92.002,0.494,Low Priority,2026-05-02 19:45:17
el prestamo official video,373,Niche,11,1,1,748060352,68005487,1.227,92.002,0.494,Low Priority,2026-05-02 19:45:17
maluma video,373,Niche,11,1,1,748060352,68005487,1.227,92.002,0.494,Low Priority,2026-05-02 19:45:17
maluma music,373,Niche,11,1,1,748060352,68005487,1.227,92.002,0.494,Low Priority,2026-05-02 19:45:17
maluma nuevo sencillo,373,Niche,11,1,1,748060352,68005487,1.227,92.002,0.494,Low Priority,2026-05-02 19:45:17
maluma song,373,Niche,11,1,1,748060352,68005487,1.227,92.002,0.494,Low Priority,2026-05-02 19:45:17
maluma official video,373,Niche,11,1,1,748060352,68005487,1.227,92.002,0.494,Low Priority,2026-05-02 19:45:17
sanju teaser,394,Niche,18,1,1,747820836,41545602,2.05,96.305,0.696,Low Priority,2026-05-02 19:45:17
sanju official teaser,394,Niche,18,1,1,747820836,41545602,2.05,96.305,0.696,Low Priority,2026-05-02 19:45:17
ranbir kapoor sanjay dutt film,394,Niche,18,1,1,747820836,41545602,2.05,96.305,0.696,Low Priority,2026-05-02 19:45:17
boman irani,394,Niche,18,1,1,747820836,41545602,2.05,96.305,0.696,Low Priority,2026-05-02 19:45:17
sanjay dutt new movie,394,Niche,18,1,1,747820836,41545602,2.05,96.305,0.696,Low Priority,2026-05-02 19:45:17
sonam kapoor,394,Niche,18,1,1,747820836,41545602,2.05,96.305,0.696,Low Priority,2026-05-02 19:45:17
rajkumar hirani films,394,Niche,18,1,1,747820836,41545602,2.05,96.305,0.696,Low Priority,2026-05-02 19:45:17
vicky kaushal,394,Niche,18,1,1,747820836,41545602,2.05,96.305,0.696,Low Priority,2026-05-02 19:45:17
paresh rawal,394,Niche,18,1,1,747820836,41545602,2.05,96.305,0.696,Low Priority,2026-05-02 19:45:17
sanjay dutt biopic film,394,Niche,18,1,1,747820836,41545602,2.05,96.305,0.696,Low Priority,2026-05-02 19:45:17
fox star studios,394,Niche,18,1,1,747820836,41545602,2.05,96.305,0.696,Low Priority,2026-05-02 19:45:17
sanjay dutt biopic teaser,394,Niche,18,1,1,747820836,41545602,2.05,96.305,0.696,Low Priority,2026-05-02 19:45:17
anushka sharma,394,Niche,18,1,1,747820836,41545602,2.05,96.305,0.696,Low Priority,2026-05-02 19:45:17
rajkumar hirani movies,394,Niche,18,1,1,747820836,41545602,2.05,96.305,0.696,Low Priority,2026-05-02 19:45:17
ranbir kapoor sanjay dutt biopic movie,394,Niche,18,1,1,747820836,41545602,2.05,96.305,0.696,Low Priority,2026-05-02 19:45:17
vinod chopra films,394,Niche,18,1,1,747820836,41545602,2.05,96.305,0.696,Low Priority,2026-05-02 19:45:17
dia mirza,394,Niche,18,1,1,747820836,41545602,2.05,96.305,0.696,Low Priority,2026-05-02 19:45:17
manisha koirala,394,Niche,18,1,1,747820836,41545602,2.05,96.305,0.696,Low Priority,2026-05-02 19:45:17
jim sarbh,394,Niche,18,1,1,747820836,41545602,2.05,96.305,0.696,Low Priority,2026-05-02 19:45:17
ranbir kapoor sanjay dutt biopic,394,Niche,18,1,1,747820836,41545602,2.05,96.305,0.696,Low Priority,2026-05-02 19:45:17
reaction,414,Niche,551,75,30,746158143,1354189,4.365,94.444,0.691,Low Priority,2026-05-02 19:45:17
demi,415,Niche,54,6,4,740853032,13719501,7.277,98.026,1.816,Hidden Gem,2026-05-02 19:45:17
darts,416,Niche,76,6,3,739873146,9735173,3.651,94.643,0.841,Low Priority,2026-05-02 19:45:17
animated,417,Niche,509,64,18,738873495,1451618,4.757,97.108,0.763,Low Priority,2026-05-02 19:45:17
daddy,418,Niche,29,3,3,736214408,25386704,2.668,94.589,0.784,Low Priority,2026-05-02 19:45:17
shaky shaky,419,Niche,25,1,1,735203270,29408131,2.508,93.916,0.77,Low Priority,2026-05-02 19:45:17
dura,419,Niche,25,1,1,735203270,29408131,2.508,93.916,0.77,Low Priority,2026-05-02 19:45:17
music video daddy yankee,419,Niche,25,1,1,735203270,29408131,2.508,93.916,0.77,Low Priority,2026-05-02 19:45:17
music daddy yankee,419,Niche,25,1,1,735203270,29408131,2.508,93.916,0.77,Low Priority,2026-05-02 19:45:17
gasolina daddy yankee,419,Niche,25,1,1,735203270,29408131,2.508,93.916,0.77,Low Priority,2026-05-02 19:45:17
daddy yankee dura,419,Niche,25,1,1,735203270,29408131,2.508,93.916,0.77,Low Priority,2026-05-02 19:45:17
music daddy,419,Niche,25,1,1,735203270,29408131,2.508,93.916,0.77,Low Priority,2026-05-02 19:45:17
yankee,419,Niche,25,1,1,735203270,29408131,2.508,93.916,0.77,Low Priority,2026-05-02 19:45:17
hielo daddy yankee,419,Niche,25,1,1,735203270,29408131,2.508,93.916,0.77,Low Priority,2026-05-02 19:45:17
daddy yankee youtube,419,Niche,25,1,1,735203270,29408131,2.508,93.916,0.77,Low Priority,2026-05-02 19:45:17
daddy y yankee,419,Niche,25,1,1,735203270,29408131,2.508,93.916,0.77,Low Priority,2026-05-02 19:45:17
daddy yankee reggaeton,419,Niche,25,1,1,735203270,29408131,2.508,93.916,0.77,Low Priority,2026-05-02 19:45:17
daddy yankee oficial,419,Niche,25,1,1,735203270,29408131,2.508,93.916,0.77,Low Priority,2026-05-02 19:45:17
hielo,419,Niche,25,1,1,735203270,29408131,2.508,93.916,0.77,Low Priority,2026-05-02 19:45:17
daddy yankee hielo,419,Niche,25,1,1,735203270,29408131,2.508,93.916,0.77,Low Priority,2026-05-02 19:45:17
trap latino,419,Niche,25,1,1,735203270,29408131,2.508,93.916,0.77,Low Priority,2026-05-02 19:45:17
daddy yankee mp3,419,Niche,25,1,1,735203270,29408131,2.508,93.916,0.77,Low Priority,2026-05-02 19:45:17
ryan,436,Niche,203,25,6,728974166,3591006,3.936,93.278,0.74,Low Priority,2026-05-02 19:45:17
harmonizers,437,Niche,73,9,4,722678531,9899706,6.113,98.043,1.42,Hidden Gem,2026-05-02 19:45:17
queen,438,Niche,118,14,13,721577730,6115066,5.129,94.378,1.073,Hidden Gem,2026-05-02 19:45:17
kylie jenner,439,Niche,253,39,22,720892114,2849376,2.875,91.032,0.519,Low Priority,2026-05-02 19:45:17
lovato,440,Niche,35,4,2,720518513,20586243,6.792,97.908,1.895,Hidden Gem,2026-05-02 19:45:17
2017,441,Niche,682,142,86,718838702,1054016,4.966,93.885,0.761,Low Priority,2026-05-02 19:45:17
worth it,442,Niche,136,16,6,714822240,5256046,3.571,94.676,0.726,Low Priority,2026-05-02 19:45:17
highlights,443,Niche,532,121,24,712745002,1339746,1.423,89.454,0.227,Low Priority,2026-05-02 19:45:17
hulk,444,Niche,109,11,10,709441908,6508641,4.535,96.896,0.965,Low Priority,2026-05-02 19:45:17
syco music/epic,445,Niche,59,7,2,709252932,12021236,6.015,97.951,1.469,Hidden Gem,2026-05-02 19:45:17
boyfriend,446,Niche,240,31,21,708995436,2954148,6.865,95.61,1.252,Hidden Gem,2026-05-02 19:45:17
song,447,Niche,447,64,35,708683639,1585422,5.628,95.943,0.922,Low Priority,2026-05-02 19:45:17
atlantic records,448,Niche,206,22,11,706990233,3431991,4.338,97.591,0.813,Low Priority,2026-05-02 19:45:17
drama,449,Niche,563,103,35,705434590,1252992,2.505,90.074,0.395,Low Priority,2026-05-02 19:45:17
simon cowell,450,Niche,120,16,5,701619414,5846828,3.394,96.992,0.708,Low Priority,2026-05-02 19:45:17
baby,451,Niche,211,41,26,701118074,3322834,3.094,95.032,0.578,Low Priority,2026-05-02 19:45:17
kitchen,452,Niche,444,63,21,699961570,1576490,4.835,96.153,0.793,Low Priority,2026-05-02 19:45:17
for,453,Niche,89,14,14,695212511,7811377,4.627,96.482,1.028,Hidden Gem,2026-05-02 19:45:17
jeff goldblum,454,Niche,87,9,7,693238414,7968258,1.584,95.521,0.354,Low Priority,2026-05-02 19:45:17
tips,455,Niche,227,29,19,692562158,3050935,4.628,95.444,0.852,Low Priority,2026-05-02 19:45:17
host,456,Niche,390,79,10,690518267,1770560,1.637,91.03,0.274,Low Priority,2026-05-02 19:45:17
nba,457,Niche,628,148,33,686955332,1093878,1.623,89.861,0.252,Low Priority,2026-05-02 19:45:17
challenges,458,Niche,289,31,13,681340497,2357580,4.127,93.709,0.728,Low Priority,2026-05-02 19:45:17
meghan markle,459,Niche,221,30,21,678366401,3069531,1.927,88.817,0.357,Low Priority,2026-05-02 19:45:17
deadpool,460,Niche,96,14,9,670551269,6984909,3.392,97.937,0.741,Low Priority,2026-05-02 19:45:17
experiment,461,Niche,335,45,22,670390746,2001166,2.601,90.834,0.447,Low Priority,2026-05-02 19:45:17
ridiculous,462,Niche,98,8,3,669198616,6828557,3.737,92.999,0.813,Low Priority,2026-05-02 19:45:17
girlfriend,463,Niche,208,23,18,668973340,3216218,5.81,94.838,1.088,Hidden Gem,2026-05-02 19:45:17
camila cabello,464,Niche,245,37,26,667673973,2725200,5.951,96.843,1.081,Hidden Gem,2026-05-02 19:45:17
chun-li,465,Niche,58,3,2,667433581,11507476,4.305,93.182,1.056,Hidden Gem,2026-05-02 19:45:17
kids,466,Niche,453,68,41,667352628,1473185,4.273,92.293,0.698,Low Priority,2026-05-02 19:45:17
young,467,Niche,99,14,13,665453421,6721752,4.43,93.609,0.962,Low Priority,2026-05-02 19:45:17
how-to,468,Niche,249,32,14,661837908,2657984,5.309,95.982,0.962,Low Priority,2026-05-02 19:45:17
laugh,469,Niche,412,70,23,661646157,1605937,2.624,91.187,0.436,Low Priority,2026-05-02 19:45:17
movie trailer,470,Niche,104,10,7,660463208,6350608,2.018,87.864,0.434,Low Priority,2026-05-02 19:45:17
nicki,471,Niche,41,4,4,658959824,16072191,3.835,92.02,1.026,Hidden Gem,2026-05-02 19:45:17
minaj,471,Niche,41,4,4,658959824,16072191,3.835,92.02,1.026,Hidden Gem,2026-05-02 19:45:17
incredibles,473,Niche,50,4,3,657249518,13144990,2.154,93.525,0.548,Low Priority,2026-05-02 19:45:17
frozone,474,Niche,45,3,2,656819440,14595988,2.198,93.677,0.574,Low Priority,2026-05-02 19:45:17
alternative,475,Niche,363,50,33,656089301,1807409,5.417,97.672,0.919,Low Priority,2026-05-02 19:45:17
paul,476,Niche,106,19,12,654205854,6171753,6.569,80.752,1.406,Hidden Gem,2026-05-02 19:45:17
prince harry,477,Niche,174,26,19,653744137,3757150,1.479,87.1,0.286,Low Priority,2026-05-02 19:45:17
smith,478,Niche,197,40,10,647048393,3284510,3.838,97.018,0.726,Low Priority,2026-05-02 19:45:17
la,479,Niche,91,18,15,645023558,7088171,4.443,93.292,0.983,Low Priority,2026-05-02 19:45:17
wakanda,480,Niche,67,9,8,641039137,9567748,3.47,96.114,0.822,Low Priority,2026-05-02 19:45:17
star wars,481,Niche,502,86,53,639351659,1273609,3.832,93.488,0.616,Low Priority,2026-05-02 19:45:17
captain america,482,Niche,73,8,7,635115303,8700210,3.111,96.792,0.723,Low Priority,2026-05-02 19:45:17
chris pratt,483,Niche,126,20,15,631389590,5011028,3.211,96.025,0.663,Low Priority,2026-05-02 19:45:17
jennifer lopez,484,Niche,49,5,4,629383191,12844555,2.478,93.615,0.633,Low Priority,2026-05-02 19:45:17
royal wedding,485,Niche,151,18,13,625455648,4142090,1.287,90.367,0.256,Low Priority,2026-05-02 19:45:17
shakira,486,Niche,40,4,3,624178131,15604453,2.741,88.26,0.738,Low Priority,2026-05-02 19:45:17
friends,487,Niche,275,43,31,622666423,2264242,5.264,95.842,0.937,Low Priority,2026-05-02 19:45:17
ricky martin,488,Niche,47,6,5,622462156,13243876,2.675,89.01,0.691,Low Priority,2026-05-02 19:45:17
adventure,489,Niche,329,45,20,620981887,1887483,3.571,91.978,0.616,Low Priority,2026-05-02 19:45:17
vlogger,490,Niche,436,58,32,619506052,1420885,6.985,96.229,1.149,Hidden Gem,2026-05-02 19:45:17
edna mode,491,Niche,44,3,2,617872075,14042547,2.152,93.835,0.565,Low Priority,2026-05-02 19:45:17
elastigirl,491,Niche,44,3,2,617872075,14042547,2.152,93.835,0.565,Low Priority,2026-05-02 19:45:17
nigahiga,493,Niche,97,9,2,617740167,6368455,7.078,98.137,1.544,Hidden Gem,2026-05-02 19:45:17
deadpool movie,494,Niche,57,7,2,617451856,10832489,2.946,98.404,0.726,Low Priority,2026-05-02 19:45:17
james corden,495,Niche,390,99,9,614776545,1576350,2.245,92.715,0.376,Low Priority,2026-05-02 19:45:17
anvil vs,496,Niche,77,7,2,613912222,7972886,3.559,92.272,0.817,Low Priority,2026-05-02 19:45:17
how ridiculous,496,Niche,77,7,2,613912222,7972886,3.559,92.272,0.817,Low Priority,2026-05-02 19:45:17
magnus effect,496,Niche,77,7,2,613912222,7972886,3.559,92.272,0.817,Low Priority,2026-05-02 19:45:17
anvil drop test,499,Niche,73,6,2,612998304,8397237,3.546,91.912,0.824,Low Priority,2026-05-02 19:45:17
rc cars,500,Niche,75,6,1,612065519,8160874,3.556,92.286,0.821,Low Priority,2026-05-02 19:45:17