virality_rank,video_id,total_trending_days,peak_views,max_daily_view_gain,avg_daily_view_gain,avg_daily_growth_pct,avg_engagement_rate,avg_like_ratio,peak_day_num,peak_date,peak_timing,sustainability_score,views_per_trending_day,_bc_ingested_at
1,M4ZoCHID9GI,18,122544931,52302006,6372948,17.33,2.929,97.929,19,2018-05-14,Late Bloomer,0.95,6808052,2026-05-02 19:45:30
2,zEf423kYfqk,19,139334502,34933753,6966092,18.53,2.246,92.194,20,2018-05-15,Late Bloomer,0.95,7333395,2026-05-02 19:45:30
3,FlsCjmMhFmw,7,149376127,27829572,17799138,32.97,4.73,66.087,2,2017-12-08,Early Peaker,3.5,21339447,2026-05-02 19:45:30
4,ffxKSjUwKdU,19,148689896,26108740,6990361,13.09,4.101,96.351,20,2018-05-14,Late Bloomer,0.95,7825784,2026-05-02 19:45:30
5,cqg5oc20nxk,4,25244097,23988556,6009876,497.9,0.036,84.264,2,2018-02-10,Early Peaker,2,6311024,2026-05-02 19:45:30
6,7C2z4GqqS5E,13,123010920,23446463,6435461,9.94,7.07,96.721,2,2018-05-20,Early Peaker,6.5,9462378,2026-05-02 19:45:30
7,6ZfuNTqbHE8,8,91933007,18631001,6774591,12.62,3.673,98.126,2,2017-12-01,Early Peaker,4,11491626,2026-05-02 19:45:30
8,TyHvyGVs42U,9,102012605,18058240,11279184,423.14,3.882,95.773,2,2017-11-18,Early Peaker,4.5,11334734,2026-05-02 19:45:30
9,VYOjWnS4cMY,24,225211923,17642597,8065145,9,3.146,94.222,7,2018-05-15,Mid Peaker,3.43,9383830,2026-05-02 19:45:30
10,BhIEIO0vaBE,9,56111957,14908925,3910018,13.12,0,,2,2018-02-06,Early Peaker,4.5,6234662,2026-05-02 19:45:30
11,LsoLEjrDogU,6,57951412,14883429,9567132,405.61,5.363,96.791,7,2018-01-12,Mid Peaker,0.86,9658569,2026-05-02 19:45:30
12,rsEne1ZiQrk,14,41604561,13619538,2740776,22.48,2.76,98.061,9,2018-04-14,Late Bloomer,1.56,2971754,2026-05-02 19:45:30
13,9TUBf6l7FBg,2,24004779,12867708,10203280,162.53,0,,3,2018-04-16,Early Peaker,0.67,12002390,2026-05-02 19:45:30
14,xTlNMmZKwpA,15,94254507,12496133,5735138,20.98,3.171,94.918,2,2018-05-31,Early Peaker,7.5,6283634,2026-05-02 19:45:30
15,Bm8rz-llMhE,11,30061253,11579442,2558649,62.52,2.277,97.204,2,2018-04-14,Early Peaker,5.5,2732841,2026-05-02 19:45:30
16,u9Mv98Gr5pY,18,59254638,11155193,1737857,4.62,2.653,96.547,2,2018-04-26,Early Peaker,9,3291924,2026-05-02 19:45:30
17,q8v9MvManKE,11,11979805,10774898,76003,124.38,3.781,96.944,11,2018-05-03,Late Bloomer,1,1089073,2026-05-02 19:45:30
18,4kDklB6-69Q,11,29178096,10771004,2364459,37.88,3.69,98.219,2,2018-04-14,Early Peaker,5.5,2652554,2026-05-02 19:45:30
19,QwievZ1Tx-8,12,52404970,10456533,2724023,9.25,3.796,98.101,2,2018-03-18,Early Peaker,6,4367081,2026-05-02 19:45:30
20,BQ31l1gPGKM,3,19177871,10136638,6226918,702.85,2.337,96.835,2,2018-02-27,Early Peaker,1.5,6392624,2026-05-02 19:45:30
21,_9YMpuLDnwo,7,54155921,10093297,6834339,37.38,1.027,83.557,5,2017-12-08,Mid Peaker,1.4,7736560,2026-05-02 19:45:30
22,QwZT7T-TXT0,6,37539570,10083485,4038994,21.04,12.499,47.407,2,2018-01-04,Early Peaker,3,6256595,2026-05-02 19:45:30
23,rRr1qiJRsXk,17,48654951,9933558,1765633,6.39,1.994,96.262,2,2018-04-26,Early Peaker,8.5,2862056,2026-05-02 19:45:30
24,tCXGJQYZ9JA,14,71560694,9441585,4052853,12.74,4.067,94.596,2,2018-03-14,Early Peaker,7,5111478,2026-05-02 19:45:30
25,oMOljrWUUXc,8,11135294,9179287,1294574,148.8,0.149,96.159,2,2018-02-06,Early Peaker,4,1391912,2026-05-02 19:45:30
26,dfnCAmr569k,6,45141770,9108640,5175303,22.84,5.524,94.843,2,2018-01-14,Early Peaker,3,7523628,2026-05-02 19:45:30
27,C-rumHvmqCA,8,15045586,9009762,1669700,71.75,0,,2,2018-02-06,Early Peaker,4,1880698,2026-05-02 19:45:30
28,aJOTlE1K90k,9,66529577,8866197,7052399,48.43,5.827,98.44,7,2018-06-06,Mid Peaker,1.29,7392175,2026-05-02 19:45:30
29,Zr4md5OqL60,6,19669098,8803674,2745002,54.94,0.274,77.523,2,2018-02-04,Early Peaker,3,3278183,2026-05-02 19:45:30
30,yDiXQl7grPQ,14,42799458,8783109,1985206,8.63,1.93,94.568,2,2018-05-19,Early Peaker,7,3057104,2026-05-02 19:45:30
31,YBpdL9hSac4,10,34269048,8147585,3232060,55.98,1.986,96.494,2,2018-02-16,Early Peaker,5,3426905,2026-05-02 19:45:30
32,qUmfriZoMw0,8,11385180,8048148,1130948,44.2,0.373,96.66,2,2018-02-06,Early Peaker,4,1423148,2026-05-02 19:45:30
33,oWjxSkJpxFU,7,24286474,7766369,2320643,20.32,13.863,80.982,2,2018-01-26,Early Peaker,3.5,3469496,2026-05-02 19:45:30
34,8Y5-GI9hYcI,17,29075706,7737553,1517793,13.98,2.229,95.922,18,2018-05-15,Late Bloomer,0.94,1710336,2026-05-02 19:45:30
35,wb49-oV0F78,8,15852974,7307025,1778109,63.84,1.695,98.19,2,2018-02-06,Early Peaker,4,1981622,2026-05-02 19:45:30
36,DkeiKbqa02g,20,71017021,7042410,3341978,16.07,2.159,96.102,11,2018-05-15,Late Bloomer,1.82,3550851,2026-05-02 19:45:30
37,MuPL-PSMX0Q,8,19412787,7034322,1819987,24.54,3.149,95.704,2,2018-03-07,Early Peaker,4,2426598,2026-05-02 19:45:30
38,pVxOVlm_lE8,3,16141230,6769364,4756254,145.31,2.586,98.24,2,2018-02-06,Early Peaker,1.5,5380410,2026-05-02 19:45:30
39,SCq8n_hOcN8,17,22918328,6722062,1208348,15.28,3.644,92.116,18,2018-05-14,Late Bloomer,0.94,1348137,2026-05-02 19:45:30
40,vn9mMeWcgoM,6,38070298,6669094,3314235,13.65,1.888,95.273,2,2017-12-10,Early Peaker,3,6345050,2026-05-02 19:45:30
41,kTlv5_Bs8aw,6,36857298,6620078,3818597,18.28,11.036,98.406,2,2017-11-26,Early Peaker,3,6142883,2026-05-02 19:45:30
42,NooW_RbfdWI,9,21113889,6293997,2123840,46.59,1.581,97.354,2,2018-02-06,Early Peaker,4.5,2345988,2026-05-02 19:45:30
43,2z3EUY1aXdY,3,11154250,6285844,3042227,114.03,2.162,75.53,2,2018-02-06,Early Peaker,1.5,3718083,2026-05-02 19:45:30
44,V15BYnSr0P8,5,20409647,6174777,3306110,47.39,3.829,93.114,2,2018-06-10,Early Peaker,2.5,4081929,2026-05-02 19:45:30
45,817P8W8-mGE,6,36101955,6069608,4662281,29.86,3.991,98.02,2,2017-12-03,Early Peaker,3,6016993,2026-05-02 19:45:30
46,zkG4Xpz6t68,6,25142629,6058842,3112116,28.21,4.094,84.353,2,2018-01-28,Early Peaker,3,4190438,2026-05-02 19:45:30
47,Wpm07-BGJnE,14,36759844,6015952,2247520,17.18,3.622,90.391,2,2018-05-06,Early Peaker,7,2625703,2026-05-02 19:45:30
48,SM1w9PEQOE8,7,28860037,6013896,3223378,26.81,6.056,98.097,2,2017-12-03,Early Peaker,3.5,4122862,2026-05-02 19:45:30
49,xZNBFcwd7zc,9,19434177,5804611,1321521,12.91,2.155,98.359,2,2018-02-09,Early Peaker,4.5,2159353,2026-05-02 19:45:30
50,FepIkIILumA,13,18040000,5796610,957722,11.67,3.252,95.508,2,2018-05-09,Early Peaker,6.5,1387692,2026-05-02 19:45:30
51,iWZmdoY1aTE,16,55054077,5710791,3071654,16.65,4.115,97.774,2,2018-04-29,Early Peaker,8,3440880,2026-05-02 19:45:30
52,ZEkImgh--PE,12,12122117,5657315,929328,53.77,3.144,96.967,2,2018-04-14,Early Peaker,6,1010176,2026-05-02 19:45:30
53,5GRyr0noXrw,6,25235767,5643750,2863690,22.78,2.459,91.052,2,2018-03-19,Early Peaker,3,4205961,2026-05-02 19:45:30
54,2Vv-BfVoq4g,2,43449654,5558600,4963016,13.88,4.542,98.66,2,2017-11-15,Early Peaker,1,21724827,2026-05-02 19:45:30
55,VY1eFxgRR-k,8,35181079,5421223,3521323,23.77,5.531,96.721,5,2018-06-10,Mid Peaker,1.6,4397635,2026-05-02 19:45:30
56,rRzxEiBLQCA,5,41088994,5420641,4578607,17.93,3.48,91.464,4,2017-12-16,Mid Peaker,1.25,8217799,2026-05-02 19:45:30
57,DKPCBAlDw2A,10,15088622,5351249,1168518,18,3.676,97.095,5,2018-04-14,Mid Peaker,2,1508862,2026-05-02 19:45:30
58,d1D1SJ-KqaQ,9,15552885,5296085,1234373,17.77,4.428,98.042,3,2018-04-14,Early Peaker,3,1728098,2026-05-02 19:45:30
59,gA-NDZb29I4,5,18871288,5271892,3732055,529.94,2.517,82.437,2,2018-01-06,Early Peaker,2.5,3774258,2026-05-02 19:45:30
60,6OcOO1k-vGE,7,18241671,5214120,1910728,24.43,2.695,95.968,2,2018-01-31,Early Peaker,3.5,2605953,2026-05-02 19:45:30
61,ZJDMWVZta3M,9,36152111,5213306,3493843,28.34,2.089,97.521,2,2017-11-20,Early Peaker,4.5,4016901,2026-05-02 19:45:30
62,coOKvrsmQiI,5,15104666,5212066,2503895,55.29,1.331,91.921,2,2017-11-18,Early Peaker,2.5,3020933,2026-05-02 19:45:30
63,p8npDG2ulKQ,8,29741771,5209056,2384431,14.38,12.944,99.028,2,2018-05-08,Early Peaker,4,3717721,2026-05-02 19:45:30
64,-BQJo3vK8O8,10,87264467,5173284,3883281,6.07,1.207,91.993,4,2018-03-18,Mid Peaker,2.5,8726447,2026-05-02 19:45:30
65,WS7f5xpGYn8,12,33420138,5168578,2562224,29.63,4.363,83.442,2,2017-12-22,Early Peaker,6,2785012,2026-05-02 19:45:30
66,g4Hbz2jLxvQ,7,22713067,5112669,2404007,23.93,2.69,95.739,2,2018-06-08,Early Peaker,3.5,3244724,2026-05-02 19:45:30
67,OK3GJ0WIQ8s,4,23416810,5082296,3180371,22.49,15.557,99.001,2,2018-03-03,Early Peaker,2,5854203,2026-05-02 19:45:30
68,kX0vO4vlJuU,10,17624672,5056000,1010634,9.98,14.937,99.214,3,2018-04-14,Early Peaker,3.33,1762467,2026-05-02 19:45:30
69,eiDiKwbGfIY,6,27350528,5011671,3560371,30.78,5.254,98.478,2,2017-12-17,Early Peaker,3,4558421,2026-05-02 19:45:30
70,8X2kIfS6fb8,1,9893438,4963626,4963626,100.69,2.836,98.644,2,2018-06-14,Early Peaker,0.5,9893438,2026-05-02 19:45:30
71,YLPNjaAOrBw,1,9627575,4944469,4944469,105.58,0.014,91.462,2,2018-01-31,Early Peaker,0.5,9627575,2026-05-02 19:45:30
72,ek1ePFp-nBI,5,12955997,4893325,1913445,38.38,2.111,96.371,2,2018-06-10,Early Peaker,2.5,2591199,2026-05-02 19:45:30
73,J2HytHu5VBI,8,33627806,4881569,2092854,9.35,7.766,95.343,3,2018-06-08,Early Peaker,2.67,4203476,2026-05-02 19:45:30
74,fRj34o4hN4I,7,10775416,4848534,1310286,51.25,2.434,97.758,2,2017-11-18,Early Peaker,3.5,1539345,2026-05-02 19:45:30
75,dc89yyOS0Z8,11,17404158,4805479,994930,10.05,7.696,98.929,7,2018-04-14,Mid Peaker,1.57,1582196,2026-05-02 19:45:30
76,_BcYBFC6zfY,9,12976087,4751644,1189597,30.52,2.377,94.415,2,2018-06-06,Early Peaker,4.5,1441787,2026-05-02 19:45:30
77,Mgfe5tIwOj0,6,27335197,4727297,3681330,34.11,6.141,97.589,2,2018-01-14,Early Peaker,3,4555866,2026-05-02 19:45:30
78,VRJmcxCrAOA,6,29090799,4703077,2760879,15.58,4.173,98.637,2,2018-01-25,Early Peaker,3,4848467,2026-05-02 19:45:30
79,qfqVkEYQ1Ls,21,8304593,4660845,339239,20.51,1.122,86.712,2,2018-05-15,Early Peaker,10.5,395457,2026-05-02 19:45:30
80,UUkn-enk2RU,22,19834563,4640546,544412,4.87,2.607,97.998,2,2018-05-03,Early Peaker,11,901571,2026-05-02 19:45:30
81,oWw1BcFhk-k,19,42390420,4569768,1991841,12.59,3.543,97.61,18,2018-05-26,Late Bloomer,1.06,2231075,2026-05-02 19:45:30
82,wJJqGh2HLM8,7,15904385,4495711,2098169,56.91,0.043,32.145,3,2018-02-07,Early Peaker,2.33,2272055,2026-05-02 19:45:30
83,M3mJkSqZbX4,6,5578495,4240472,893839,331.85,1.309,87.26,2,2018-01-30,Early Peaker,3,929749,2026-05-02 19:45:30
84,wbSwFU6tY1c,9,20658640,4230503,1119577,8.28,2.189,96.997,2,2018-02-08,Early Peaker,4.5,2295404,2026-05-02 19:45:30
85,vjI4Alon-3Q,20,59877217,4199680,2393147,8.53,2.334,93.498,8,2018-05-15,Late Bloomer,2.5,2993861,2026-05-02 19:45:30
86,0-7wMD5ISIs,8,6647081,4195179,606492,26.79,5.461,95.337,4,2017-12-23,Mid Peaker,2,830885,2026-05-02 19:45:30
87,GpxCT36DxKg,14,14100194,4190543,839303,18.99,1.106,91.771,2,2018-05-23,Early Peaker,7,1007157,2026-05-02 19:45:30
88,1FJD7jZqZEk,17,14723484,4122172,571100,7.74,1.583,96.022,2,2018-04-20,Early Peaker,8.5,866087,2026-05-02 19:45:30
89,XiHiW4N7-bo,19,16651726,4044567,564105,6.45,1.204,97.007,2,2018-05-18,Early Peaker,9.5,876407,2026-05-02 19:45:30
90,DIBw9dSVKdU,14,22546976,4035308,1308812,14.64,1.98,95.628,2,2018-03-02,Early Peaker,7,1610498,2026-05-02 19:45:30
91,vY_5EvoL1Is,5,6518936,4033247,809469,32.68,0.162,75.434,2,2018-05-21,Early Peaker,2.5,1303787,2026-05-02 19:45:30
92,CX11yw6YL1w,21,27039153,4028573,1119297,11.93,2.476,97.567,2,2018-05-05,Early Peaker,10.5,1287579,2026-05-02 19:45:30
93,E5yFcdPAGv0,13,25016614,4022582,1655858,19,5.125,96.92,2,2018-06-02,Early Peaker,6.5,1924355,2026-05-02 19:45:30
94,l_lblj8Cq0o,12,45938392,3992859,3407354,21.05,2.667,94.924,12,2018-01-01,Late Bloomer,1,3828199,2026-05-02 19:45:30
95,yvicqMrAHvQ,6,23932421,3917406,3832706,99.64,0.036,92.577,7,2018-02-11,Mid Peaker,0.86,3988737,2026-05-02 19:45:30
96,uxbQATBAXf8,2,15960127,3893993,3280237,30.74,2.516,99.006,2,2018-05-13,Early Peaker,1,7980064,2026-05-02 19:45:30
97,9v_rtaye2yY,6,23575103,3890572,3176805,33.57,3.604,95.065,2,2017-12-10,Early Peaker,3,3929184,2026-05-02 19:45:30
98,cSp1dM2Vj48,2,9523267,3885306,3042773,71.54,2.174,95.318,2,2017-12-12,Early Peaker,1,4761634,2026-05-02 19:45:30
99,i5qOzqD9Rms,18,25274694,3849664,1146980,11.15,1.898,96.605,2,2018-04-15,Early Peaker,9,1404150,2026-05-02 19:45:30
100,fAIX12F6958,8,19864779,3827572,1234521,9.62,1.518,93.319,2,2018-06-07,Early Peaker,4,2483097,2026-05-02 19:45:30